2024-02-25 14:39:53,assistant,Im IIC's AI assistantðŸ¦¾. Ask me anything! 
2024-02-25 14:39:53,user,"im a second year masters student at university of padova , i want to know about the revocations of the veneto regional scholarship, tell me what you know."
2024-02-25 14:39:53,user,"im a second year masters student at university of padova , i want to know about the revocations of the veneto regional scholarship, tell me what you know."
2024-02-25 14:41:09,assistant,Im IIC's AI assistantðŸ¦¾. Ask me anything! 
2024-02-25 14:41:09,user,"im a second year masters student at university of padova , i want to know about the revocations of the veneto regional scholarship, tell me what you know."
2024-02-25 14:41:09,user,"im a second year masters student at university of padova , i want to know about the revocations of the veneto regional scholarship, tell me what you know."
2024-03-01 20:20:24,assistant,Data Insight Assistant ! ðŸ¦¾. Ask me anything. 
2024-03-01 20:20:24,user,what do you know about product ID 1057 ?
2024-03-01 20:20:24,user,what do you know about product ID 1057 ?
2024-03-02 01:42:51,assistant,Data Insight Assistant ! ðŸ¦¾. Ask me anything. 
2024-03-02 01:42:51,user,give me one review on the following product id : 1052
2024-03-02 01:42:51,user,give me one review on the following product id : 1052
2024-03-02 01:43:51,assistant,Data Insight Assistant ! ðŸ¦¾. Ask me anything. 
2024-03-02 01:43:51,user,"


Data Insight Assistant ! ðŸ¦¾. Ask me anything.

"
2024-03-02 01:43:51,user,"


Data Insight Assistant ! ðŸ¦¾. Ask me anything.

"
2024-03-02 01:48:14,assistant,Data Insight Assistant ! ðŸ¦¾. Ask me anything. 
2024-03-02 01:48:14,user,how is the general feedback reviews on the following product id : 1055
2024-03-02 01:48:14,assistant,The general feedback on product ID 1055 is not available in the provided context information.
2024-03-02 01:48:33,assistant,Data Insight Assistant ! ðŸ¦¾. Ask me anything. 
2024-03-02 01:48:33,user,how is the general feedback reviews on the following product id : 1055
2024-03-02 01:48:33,assistant,The general feedback on product ID 1055 is not available in the provided context information.
2024-03-02 01:48:33,user,give me a random feedback from the following product id : 1055
2024-03-02 01:48:33,assistant,This is a great product. Neutral
2024-03-02 01:48:39,assistant,Data Insight Assistant ! ðŸ¦¾. Ask me anything. 
2024-03-02 01:48:39,user,how is the general feedback reviews on the following product id : 1055
2024-03-02 01:48:39,assistant,The general feedback on product ID 1055 is not available in the provided context information.
2024-03-02 01:48:39,user,give me a random feedback from the following product id : 1055
2024-03-02 01:48:39,assistant,This is a great product. Neutral
2024-03-02 01:48:39,user,another one
2024-03-02 01:48:39,assistant,This is a great product.
2024-03-02 01:48:56,assistant,Data Insight Assistant ! ðŸ¦¾. Ask me anything. 
2024-03-02 01:48:56,user,how is the general feedback reviews on the following product id : 1055
2024-03-02 01:48:56,assistant,The general feedback on product ID 1055 is not available in the provided context information.
2024-03-02 01:48:56,user,give me a random feedback from the following product id : 1055
2024-03-02 01:48:56,assistant,This is a great product. Neutral
2024-03-02 01:48:56,user,another one
2024-03-02 01:48:56,assistant,This is a great product.
2024-03-02 01:48:56,user,another one with positive feedback
2024-03-02 01:48:56,assistant,This is a great product.
2024-03-02 01:49:08,assistant,Data Insight Assistant ! ðŸ¦¾. Ask me anything. 
2024-03-02 01:49:08,user,how is the general feedback reviews on the following product id : 1055
2024-03-02 01:49:08,assistant,The general feedback on product ID 1055 is not available in the provided context information.
2024-03-02 01:49:08,user,give me a random feedback from the following product id : 1055
2024-03-02 01:49:08,assistant,This is a great product. Neutral
2024-03-02 01:49:08,user,another one
2024-03-02 01:49:08,assistant,This is a great product.
2024-03-02 01:49:08,user,another one with positive feedback
2024-03-02 01:49:08,assistant,This is a great product.
2024-03-02 01:49:08,user,another one with negative feedback
2024-03-02 01:49:08,assistant,"The negative feedback received in the recent conversation included comments such as ""Not as described,"" ""Poor quality,"" ""Exceeded expectations,"" ""Great product,"" and ""Satisfactory."""
2024-03-04 16:31:52,assistant,Data Insight Assistant ! ðŸ¦¾. Ask me anything. 
2024-03-04 16:31:52,user,"from the sales information you have , what do you know about SALES_ID=1037 ? "
2024-03-04 16:31:52,assistant,"The information about SALES_ID=1037 from the sales data available is as follows:
- SALES_ID: 1037
- Date: 2023-01-01
- Quantity: 28
- Location: Houston"
2024-03-04 16:32:09,assistant,Data Insight Assistant ! ðŸ¦¾. Ask me anything. 
2024-03-04 16:32:09,user,"from the sales information you have , what do you know about SALES_ID=1037 ? "
2024-03-04 16:32:09,assistant,"The information about SALES_ID=1037 from the sales data available is as follows:
- SALES_ID: 1037
- Date: 2023-01-01
- Quantity: 28
- Location: Houston"
2024-03-04 16:32:09,user,what do you know about the productions?
2024-03-04 16:32:09,assistant,"Information about the productions discussed earlier includes production IDs, employee IDs, production dates, quantities produced, and production costs."
2024-03-04 16:32:23,assistant,Data Insight Assistant ! ðŸ¦¾. Ask me anything. 
2024-03-04 16:32:23,user,"from the sales information you have , what do you know about SALES_ID=1037 ? "
2024-03-04 16:32:23,assistant,"The information about SALES_ID=1037 from the sales data available is as follows:
- SALES_ID: 1037
- Date: 2023-01-01
- Quantity: 28
- Location: Houston"
2024-03-04 16:32:23,user,what do you know about the productions?
2024-03-04 16:32:23,assistant,"Information about the productions discussed earlier includes production IDs, employee IDs, production dates, quantities produced, and production costs."
2024-03-04 16:32:23,user,what information do you know ?
2024-03-04 16:32:23,assistant,"The conversation appears to involve discussions about product reviews and sales data from various locations such as Houston, Miami, Los Angeles, New York, and Chicago. The product reviews include sentiments like positive, negative, and neutral, while the sales data includes details such as dates, sales figures, and locations where the sales occurred."
2024-03-04 16:32:40,assistant,Data Insight Assistant ! ðŸ¦¾. Ask me anything. 
2024-03-04 16:32:40,user,"from the sales information you have , what do you know about SALES_ID=1037 ? "
2024-03-04 16:32:40,assistant,"The information about SALES_ID=1037 from the sales data available is as follows:
- SALES_ID: 1037
- Date: 2023-01-01
- Quantity: 28
- Location: Houston"
2024-03-04 16:32:40,user,what do you know about the productions?
2024-03-04 16:32:40,assistant,"Information about the productions discussed earlier includes production IDs, employee IDs, production dates, quantities produced, and production costs."
2024-03-04 16:32:40,user,what information do you know ?
2024-03-04 16:32:40,assistant,"The conversation appears to involve discussions about product reviews and sales data from various locations such as Houston, Miami, Los Angeles, New York, and Chicago. The product reviews include sentiments like positive, negative, and neutral, while the sales data includes details such as dates, sales figures, and locations where the sales occurred."
2024-03-04 16:32:40,user,what do you konw about product reviews ?
2024-03-04 16:32:40,assistant,"Product reviews include descriptions of various products along with corresponding ratings and sentiments such as positive, negative, or neutral. The reviews are timestamped and contain details like the product quality being described as great, good, terrible, bad, or mediocre. The reviews also mention whether the sentiment expressed is positive, negative, or neutral towards the product."
2024-03-04 16:33:05,assistant,Data Insight Assistant ! ðŸ¦¾. Ask me anything. 
2024-03-04 16:33:05,user,"from the sales information you have , what do you know about SALES_ID=1037 ? "
2024-03-04 16:33:05,assistant,"The information about SALES_ID=1037 from the sales data available is as follows:
- SALES_ID: 1037
- Date: 2023-01-01
- Quantity: 28
- Location: Houston"
2024-03-04 16:33:05,user,what do you know about the productions?
2024-03-04 16:33:05,assistant,"Information about the productions discussed earlier includes production IDs, employee IDs, production dates, quantities produced, and production costs."
2024-03-04 16:33:05,user,what information do you know ?
2024-03-04 16:33:05,assistant,"The conversation appears to involve discussions about product reviews and sales data from various locations such as Houston, Miami, Los Angeles, New York, and Chicago. The product reviews include sentiments like positive, negative, and neutral, while the sales data includes details such as dates, sales figures, and locations where the sales occurred."
2024-03-04 16:33:05,user,what do you konw about product reviews ?
2024-03-04 16:33:05,assistant,"Product reviews include descriptions of various products along with corresponding ratings and sentiments such as positive, negative, or neutral. The reviews are timestamped and contain details like the product quality being described as great, good, terrible, bad, or mediocre. The reviews also mention whether the sentiment expressed is positive, negative, or neutral towards the product."
2024-03-04 16:33:05,user,what is some reviews about the product id 1007 ?
2024-03-04 16:33:05,assistant,There are no reviews about product id 1007 in the provided context information.
